{"n+-": [[-11.894601756020798, [0, 24, 2]], [-11.894601756020798, [0, 24, 4]], [-11.894601756020798, [0, 24, 6]], [-11.894601756020798, [0, 24, 8]], [-11.894601756020798, [0, 24, 10]], [-11.894601756020798, [0, 24, 12]], [-11.894601756020798, [0, 24, 14]], [-11.894601756020798, [0, 24, 16]], [-11.894601756020798, [0, 24, 18]], [-11.894601756020798, [0, 24, 20]], [-11.894601756020798, [0, 24, 22]], [11.894601756020798, [1, 24, 2]], [11.894601756020798, [1, 24, 4]], [11.894601756020798, [1, 24, 6]], [11.894601756020798, [1, 24, 8]], [11.894601756020798, [1, 24, 10]], [11.894601756020798, [1, 24, 12]], [11.894601756020798, [1, 24, 14]], [11.894601756020798, [1, 24, 16]], [11.894601756020798, [1, 24, 18]], [11.894601756020798, [1, 24, 20]], [11.894601756020798, [1, 24, 22]], [11.894601756020798, [0, 25, 3]], [11.894601756020798, [0, 25, 5]], [11.894601756020798, [0, 25, 7]], [11.894601756020798, [0, 25, 9]], [11.894601756020798, [0, 25, 11]], [11.894601756020798, [0, 25, 13]], [11.894601756020798, [0, 25, 15]], [11.894601756020798, [0, 25, 17]], [11.894601756020798, [0, 25, 19]], [11.894601756020798, [0, 25, 21]], [11.894601756020798, [0, 25, 23]], [-11.894601756020798, [1, 25, 3]], [-11.894601756020798, [1, 25, 5]], [-11.894601756020798, [1, 25, 7]], [-11.894601756020798, [1, 25, 9]], [-11.894601756020798, [1, 25, 11]], [-11.894601756020798, [1, 25, 13]], [-11.894601756020798, [1, 25, 15]], [-11.894601756020798, [1, 25, 17]], [-11.894601756020798, [1, 25, 19]], [-11.894601756020798, [1, 25, 21]], [-11.894601756020798, [1, 25, 23]]], "+-+-": [[-11.894601756020798, [1, 0, 24, 3]], [-11.894601756020798, [1, 0, 24, 5]], [-11.894601756020798, [1, 0, 24, 7]], [-11.894601756020798, [1, 0, 24, 9]], [-11.894601756020798, [1, 0, 24, 11]], [-11.894601756020798, [1, 0, 24, 13]], [-11.894601756020798, [1, 0, 24, 15]], [-11.894601756020798, [1, 0, 24, 17]], [-11.894601756020798, [1, 0, 24, 19]], [-11.894601756020798, [1, 0, 24, 21]], [-11.894601756020798, [1, 0, 24, 23]], [-11.894601756020798, [0, 1, 25, 2]], [-11.894601756020798, [0, 1, 25, 4]], [-11.894601756020798, [0, 1, 25, 6]], [-11.894601756020798, [0, 1, 25, 8]], [-11.894601756020798, [0, 1, 25, 10]], [-11.894601756020798, [0, 1, 25, 12]], [-11.894601756020798, [0, 1, 25, 14]], [-11.894601756020798, [0, 1, 25, 16]], [-11.894601756020798, [0, 1, 25, 18]], [-11.894601756020798, [0, 1, 25, 20]], [-11.894601756020798, [0, 1, 25, 22]]]}